tweet,Emotion
silkboard traffic death,fear
capital traffic bangalore silk board miss reel strongly condemn baava silkboard,anger
suryapsingh32 satishacharya traffic first talk hyderabad cross entire telangana,fear
always crack silkboard traffic joke never live city call mumbai,fear
bangalore richer average traffic police,fear
vandanajain precisely bangalore people would caught dead move find,fear
need help narendramodi pmoindia bangalore commissioner police bangalore traffic commissioner police,fear
vinodblru rajdugar dyamannavar anil lulla swrrly southernrailway christinmp captsanthoshkc,fear
bangaloretrafficpolice bangaloretraffic bangalore place entry sign either place high hidd,fear
return back bangalore post week live project stint mobility issue beyond,fear
bangaloremirror intresting hope implement ground responsibly hope bangalore traffic officer rise,trust
bangalore without long traffic heaven,anticipation
actually road high bangalore bad road also bangalore father die,fear
rapido anna discuss stock market government system call life rich poor metro traffi,fear
bangalore traffic term people people lack basic civic sense parking vehicle properly,fear
bsbommai bbmpcomm city admin need ease traffic congestion bangalore instead,fear
ibeingaman stuck bangalore traffic mummy scold use mobile love sidnaaz much stay,fear
ooty freedom drive bangalore traffic enjoy pollution free environment,trust
clip live coverage opportunity speak briefly live coverage bangalore traff,anticipation
hondacarindia ooty freedom drive bangalore traffic enjoy pollution free envir,trust
side prasad give back society receive encouragement give back,fear
eriksolheim travel last 80km bangalore chennai lane highway totally pathetic year,sadness
bangalore traffic facilitate marriage breakup witness settle score driver,trust
amitabhk87 morthindia silver county road hosa road bangalore kayn banwayega 10000 people,trust
say right personally experienced compare north city bangalore best way,trust
cloud traffic seem common bangalore,fear
little thing happy bangalore stuck traffic island,trust
cmofkarnataka tvmohandaspai bsbommai hope well road traffic management bangalore,trust
importance polite accord recent study operational stressor amongst traffic police officer,trust
bangalore traffic police electronic city express toll less 60kmph speed check alert,fear
dkshivakumar bangalore proper road full traffic flood situation,fear
bangalore last week experience climate good feel dehydrate,trust
offtejasvisurya vijalgope narendramodi namaskaram young blood please help solve,surprise
cmofkarnataka bsbommai remember decade say transform bangalore singa,fear
kingjaanu feel glimpse bangalore traffic chaos route,fear
anoopxh also thing like polish school tie tie think difference might happen,trust
kushal mehra compare mumbai bangalore rank four least traffic,fear
delayed land acquisition cost increase delayed decade please expedite,fear
stay optimistic difficult bangalore traffic life break,fear
rail line overbridge help ease road traffic absurd clear indigenous tree build hangar,anger
cryptic miind bangalore govt guy road pothole amount,fear
bangalore rain crazy traffic,fear
bjp4karnataka nitin gadkari bsbommai chance bangalore road infrastructure world,surprise
cant give perfect traffic bangalore,trust
blrcitytraffic wrongly fin traffic violation 24th july 2022 notice number 50601725,fear
hardest part live bangalore frustrate weekday wait weekend chill,anger
gurugram trafficggm police haryana dgpharyana cmohry please introduce system whereby alert sent gener,trust
trafficggm police haryana dgpharyana please introduce system whereby alert sent general public mobil,trust
bangalore girl traffic issue bridge built befriend date married,trust
marinebharat imagine bangalore without traffic best city world,fear
bengaluru traffic police importance polite blrcitypolice blrcitytraffic bangaloremirror,fear
puneet place love hate much love city india league chennai,joy
delhi bangalore hour rain traffic jam everywhere,fear
shlokasspam yashkukreja98 also bangalore traffic even bad spell dude,fear
found literally traffic benson town road itsagoodday bangalore,trust
trafficpolicalert bangalore body camera traffic police good probably,trust
tech site resort breakfast near pool drink dance night plan early morning trek,trust
followaanchal avoid go saturday traffic bangalore bad saturday,fear
cheemskarni road traffic suggest karnataka govt remodel bangalore venice,trust
allahabad gurugram mumbai bangalore city face infra crisis hurtle crisis anot,fear
bira boom give boomwalifeeling bike cross kmph bangalore traffic,fear
heat dust smoke negative comment public leave traffic police officer perturb,trust
varungandhi80 bangalore entire country rain bring water log street,fear
bangalore people crib traffic meanwhile people mumbai take train rickshaw reach,fear
harsha vishalweasel1 baniyaboi gabbbarsingh mumbai slowly become unlivable extreme price,fear
hariraj cisco main reason decide relocate place even though mean,fear
take day heavy rainfall bangalore bring back familiar sight water log street,trust
devshenoi drop club introductory sail nice trip bangalore,surprise
bsbommai narendramodi please road around bangalore city railway station repair priority basi,fear
adig1993 really useful venture city like bangalore heavy traffic eat time,anticipation
north indian traffic bangalore,fear
karnataka table bill create umbrella body manage bengaluru traffic,trust
nilishamantri hope drive bangalore traffic least drive something drive,trust
apj234 although bangalore traffic hell inside airport get itinerary check really fast,fear
bangalore traffic bangalore bjpee,fear
bangalore traffic either want leave vehicle walk dash someone move ahea,surprise
game pleasant weather great brewery bangalore traffic always win bangaloretraffic oldmadrasroadftw,trust
idiot criticize bangalore city bangalorerain praise flood,fear
bangalore traffic frustration frustration bangaloretraffic bangalore,anger
innovative solution solve bengaluru traffic problem bangalore bangluru narendramodi,fear
kempegowda international airport bangalore railway station know karnataka govt thin,anticipation
source beijing reporting real reason rahul gandhi long march spending much time keral,anticipation
cnnnews18 ridhimb chockovalliappa bpoindia migrant spoil brand bangalore since people come exploit,disgust
move slow uber think stuck even peak bangalore traffic peakbengaluru,fear
railminindia eastcoastrail drmsambalpur drmwaltairecor smooth hassle free traffic management term,trust
bangalore vibe minus traffic,fear
rishibagree akhiliy accept random pic citizen use without permission,fear
complete itinerary family trip south yes want spend time bangalore,surprise
tomato dosa bhajis along kesari bath bangalore give enough energy beat traff,fear
bangalore people stop traffic,fear
therestlessquil great marketing bangalore like anyone bangalore vacation,joy
indianrailway would request start local train hebel bellandur bangalore morning 30am,anticipation
railminindia would request start local train hebel bellandur bangalore morning 30am,anticipation
listen sunroof song bangalore traffic even space hand,fear
wake sunrise amaze colour bangalore traffic flood,fear
noida definitely well infra handle rain plan gurgaon pathetic flood defini,fear
sanjibdn shubhankrmishra technical detail many list saab even post resuscitation,fear
nuts2406 apj234 regular kissa do boarding pas hand check beg bangalore,sadness
abhilashapurwar haha true bangalore local metro also leverage option walk cycle,trust
ashwinivaishnaw need help solve stretch kakol byadgi karnataka travel bangalore,fear
visit city never stuck traffic put existential crisis delhi bangalore flashback,fear
common sight bangalore road road user break traffic law jeopardize safe,trust
order apple watch online sale retailer bangalore delivery gurgaon hope reach,anticipation
citizenkamran arnsimha feel pain every time step outside extremely dangerous even travel,fear
worth drive bangalore anymore standstill traffic helicopter parachute,fear
bangalore traffic like house away,fear
kumarmanish9 difference happens month unlike bangalore traffic horrible day,fear
saurabhb12 scar wheeler motor vehicle unfortunately think bangalore traffic force,fear
thought bangalore road bad road drove kerala pathetic awful series,sadness
fuck bangalore traffic,fear
bangalore land airport land traffic peakbengaluru moment airport,anticipation
customer cancel worker receives payment still count towards month quota,trust
bmtc bengaluru cpblr namma orrca wfrising bangalore police bmtc coordinate teach bmtc basic road,trust
kumaronly333 mvmtraffic cpblr addlcptraffic dcptrwestbcp perhaps bangalore traffic police collaboration bbmp,fear
bangalore people call wanderlust spend time travel traffic,anticipation
good side every story even bangalore traffic jam forever flyover,trust
desiboho bangalore traffic mumbai road delhi autowaala anti modi joke anti hindu joke,fear
timing traffic bangalore like timing market work well every time,anticipation
single stuck bangalore traffic please create ruckus look around true love married,joy
commit suicide traffic mumbai reborn bangalore,fear
traffic woe bangalore,fear
bangalore bengaluru mysuru expressway appear safer motorist highway,fear
tansuyegen good come bangalore start sell people avoid silk board traffic easily,anticipation
saadhe6footiya situation everyday bangalore traffic,fear
reach office time travel bangalore traffic toughest thing life convincing uber,trust
ndtv think minister idea corruption go country,disgust
say bangalore traffic well say,fear
ltgovdelhi delhipwd aamaadmiparty delhi road become like bangalore usually take redlight,fear
christinmp bmtc bengaluru cmofkarnataka sriramulubjp bbpvedike srinualavilli tarauk wfrising,fear
amit tiwari christinmp bmtc bengaluru cmofkarnataka sriramulubjp bbpvedike srinualavilli tarauk,fear
shricommonman aapkarnataka aamaadmiparty nimmabhaskar22 fear get penalize break traffic,fear
porinju people bangalore spend hour everyday traffic even company useful people ahangaram vendaa chettaa,fear
nitin gadkari exist bangalore chennai highway extension many year,fear
face reality bangalore traffic take min cover distance,trust
cpblr namaste please help bangalore home guard department east devision traffic police station duty home,fear
mvmtraffic dcptrwestbcp cpblr addlcptraffic apart good motivation thing trust,trust
dgpkarnataka namaste bangalore home guard department bangalore home guard full problem karnataka state,fear
aastik come eclectic write skill start atomic essay bangalore traffic,anticipation
btppubliceye something bangalore traffic department take care thank advance,fear
twitshilpi google display conservative time around min delay algos cannot,fear
bangalore traffic become bad chaos literally many outsider vehicle,fear
mepratap ashwinivaishnaw need inter city train bangalore mangalore daily basis reduce,sadness
bengaluru doctor leaf run beat traffic perform crucial surgery ndtv,trust
avoid traffic city today take metro self itsagoodday bangalore gooddaycookies,fear
cricketpun bangalore traffic come next week,fear
krtcskr would romantic drove bangalore traffic silk board hebbal,anticipation
forget ever determine legacy bangalore delhi janta,fear
genuinely fear life go freeway powai town people drive fast,fear
bak98ar true bangalore traffic road suck,trust
amitabhgupta cppunecity great website many citizen centric feature,fear
katu blrcitytraffic blrcitypolice basvanguditrfps exactly problem along bangal,fear
witness bangalore traffic tweet,trust
bicyclemayorblr blrsmartcity bbmpcomm bbmpceri dultbangalore blrcitytraffic pcmohanmp dirt race,disgust
dear bangalore startup founder find solution traffic problem solve others problem,fear
cricketpun bangalore like traffic,fear
aura aura look traffic road condition bangalore find steer,fear
babablahblah peakbengaluru market emerge bangalore traffic market,fear
pawanaroraleo nikhilkamathcio lighter note bangalore traffic make difficult snatcher away,fear
place pedestrian bangalore walk road block traffic build proper,fear
traffic banglore everywhere lorry car run pollution,disgust
mehulfanawala take everytime someone mention bangalore traffic,fear
dhanyarajendran prajwalmanipal joehoover60 sridhar67 exist rail link mangalore bangalore,anger
brighter side bangalore traffic ndtv,fear
tejasvi surya start similar bangalore cant east bipanhalli puram whitefield traffic reduce road,anticipation
bbmprestructure future bangalore abuse hurl auto scooter rider,fear
registeration do show inspite heavy traffic bangalore,trust
bangalore flyover still get built stuck traffic bcoz married,fear
yourskaushik wfrising accept city need much infrastructure development migrant,fear
ka50a4639 vehicle number olascam bengalurutraffic driver driven entire journey,fear
read article couple fell love married get stuck infamous sony,fear
time cab auto directly instead apps bangalore book traffic,anticipation
life hard bangalore morning traffic,fear
inspite kerala first almost everything highly qualify people student travel bangalore karnataka,fear
chethan239 namma orrca cmofkarnataka morthindia blame bangalore everything traffic,anger
toibengaluru traffic congestion parking issue bangalore near ikea bsbommai cmofkarnataka,fear
surnell disagree crib every city till get fix people bangalore traffic,anger
bangalore bengaluru junta street still flood water back inundate,fear
nsitharamanoffc nsitharaman finminindia india bjp4india pibmumbai ddnewslive airnewsalerts india,fear
survive bangalore traffic survive sharjah dubai traffic pinch salt,fear
sandeepmall tell nightmare reason want move bangalore today,fear
seopackagesinchennai digiwise best service company bangalore offering affordable service,trust
welcome bangalore city pothole miserable traffic incompetent bbmpcomm rule useless,anger
trustedseocompanyinchennai digiwise best service company bangalore offering affordable service,trust
cryptic miind bangalore government enhance narrow road narrow road less,fear
think google map actually start route people area lesser traffic bangalore po,disgust
maruti corp true value use car showroom guy bangalore start sell use car,trust
sandeepmall spent year life living horrendous traffic bangalore covid blessing,trust
blrcitypolice update late notification appointment traffic warden bangalore recently,fear
jointcptraffic show ride kmph bangalore either pothole never end traffic,trust
mumbai depress city live dilapidate house everywhere traffic bad bangalore,fear
horrible traffic bangalore today thetanmay walk road,fear
ajayrotti rahulskakar skodaindia autocarindiamag whoaaa niccee neither never mileage junkie always,fear
might miss flight hsve strong feel bangalore traffic suck,fear
machiavelli cool fact friend discuss jetpack 2005 usef,trust
narendramodi bjp4india urban infrastructure shamble urban city like mumbai bangalore,fear
shahrcastic start experience horror bangalore traffic,fear
swear bangalore auto walle bhaiyyas stop think smarter technology fourt,trust
mybangalore blrcitytraffic cpblr nammabengaluroo bangaloremirror auto rickshaw stop bangalore,fear
bangalore city traffic police tow problem raise karnataka legislative council tulasimuniraju1 real,trust
blrcitytraffic hello shaik vehicle number ka01hf7529 notice 51023619 today messa,fear
nitin gadkari bangalore pune highway nh48 tumkur lane highway high traffic road,fear
rahulgandhi kindly dont come bangalore take bypass already fedup traffic,fear
bicyclemayorblr bbmpcomm bbmpadmn blrcitytraffic jointcptraffic arvindlbjp pcmohanmp cmofkarnataka,fear
dream propose girlfriend silk board junction traffic,anticipation
amuse bangaloreans learn today silk mark silk board pass 1948,joy
silkmarkindia shefvaidya csbmot texminindia darshanajardosh rajit123 vidya balan anuradhagoyal,fear
swamin400 blrcitytraffic dcptreastbcp hsrltrafficps know puram silk board green line metro,trust
blrcitytraffic traffic violation raise bike number ka01ja1370 mention fine,fear
blrcitytraffic understand need check drink drive block traffic marathalli,fear
ksreesai13 bsbommai dgpkarnataka krpuratraffic blrcitytraffic blrcitypolice metro construction,fear
blrcitytraffic blrcitypolice could please register traffic offence wrong illegal parking,fear
koramangala ttmc traffic transit management centre today absolutely desert hardly half away,fear
siddaramaiah pmoindia bjp4karnataka want make payrg rahul gandhi,fear
hmlokesh dcpcomdcentre acpsouthtrf dcptreastbcp dgpkarnataka huge traffic form mall road koramangala,fear
blrcitytraffic raise traffic violation wrong parking right front gate,fear
blrcitytraffic please check koramangala indiranagar junction morning traffic road,fear
anil lulla kirankumaar dvsadanandgowda drmsbc dyamannavar nbangalorepost swrrly bbmpcomm krishnabgowda,fear
bsbommai please take serious urgent action pathetic road condition around hebbal,fear
cheemskarni infrastructure limited public utility past decade none,anger
namma orrca travel world hebbal everyday piece advice pillar rais,trust
cmofkarnataka much traffic near hebbal still police put barricade test drunk drive huge pile,fear
spvaid hebbal banglore peacefools block road shout back route travel towards airport peop,anger
melawanshwa hebbal banglore peacefools block road shout back route travel towards airport,anger
priyanka3920 hebbal banglore peacefools block road shout back route travel towards airport,anger
look like blrcitytraffic change priority bother road,fear
blrcitytraffic pratikshenoy94 blrcitypolice dcptreastbcp near hebbal flyover stop last week,fear
bsbommai bengaluru pathetic precarious road condition get roast channel social medium hebbal,sadness
blrcitytraffic huge traffic hebbal flyover change traffic rule route plan cause traffic please save,fear
dvsadanandgowda jnanendraaraga high time need review situation hebbal traffic recent,anticipation
blrcitytraffic varthur whitefield mayura bakery stretch allow park wheeler left,fear
wftrps addlcptraffic dcptreastbcp acpwfieldtrf blrcitytraffic request traffic department help perma,fear
anti clockwise exit prestwich whitefield congestion full detail update every minute,fear
truck park busy whitefield outer circle junction block traffic way chaos junction near,fear
ozwyyn yuzurukoo whitefield traffic alli madthini,fear
wftrps blrcitytraffic bloombergdotorg vitalstrat blrcitypolice jointcptraffic look update,fear
dcptreastbcp dear need help senior officer sensitive area sector officer,trust
captsanthoshkc govt cannot keep widen road metro connects whitefield electronics city traffic reduce,fear
clockwise access prestwich whitefield congestion full detail update every minute,fear
afternoon travel quite busy minute delay fife whitefield road b912,fear
whitefieldtrps wftrps daily situation swami vivekananda road whitefield get difficult,fear
anti clockwise prestwich whitefield clifton congestion full detail,fear
toibengaluru wish leadership unbiased location city traffic governance immediate attentio,fear
tejasvi surya hindustanse need frequent train also possible whitefield area,fear
mobility arvindlbjp manohargabjp jcreddypk clementcjayakum please provide well road mahadeva,trust
traffic alert clear dalton whitefield town line,fear
traffic alert dalton whitefield town line tree block part roadway lane alternate,anger
anti clockwise access prestwich whitefield congestion full detail update every minute,fear
rid cycle bangalore harder imagine could feel thigh cry amount uphill cycli,fear
clear traffic signal operation whitefield restore yyctraffic yycroads,fear
mybangalore blrcitytraffic anil lulla hebbaltrafficps nammabengaluroo alternate route like,fear
update traffic signal flash whitefield yyctraffic yycroads,fear
alert traffic incident whitefield block right lane yyctraffic yycroads,surprise
17092022 come wrong direction 0669 september 2022 itpl main road whitefield,fear
respect doctor hero nobody talk exist seem like much,trust
